GENESIS-Tabelle: 12631-0004					
Ehescheidungen: Deutschland, Jahre, Gemeinsame					
minderjaehrige Kinder, Ehedauer					
Statistik rechtskraeftiger Urteile in Ehesachen					
Deutschland					
Ehescheidungen (Anzahl)					
		Gemeinsame minderjaehrige Kinder	Gemeinsame minderjaehrige Kinder	Gemeinsame minderjaehrige Kinder	Gemeinsame minderjaehrige Kinder
		Keine gemeinsamen minderjaehrigen Kinder	Ein gemeinsames minderjaehriges Kind	Zwei gemeinsame minderjaehrige Kinder	3 und mehr gemeinsame minderjaehrige Kinder
1997	Ehedauer unter 2 Jahren	971	144	12	2
1997	Ehedauer 2 Jahre	3298	675	59	9
1997	Ehedauer 3 Jahre	4526	1598	237	28
1997	Ehedauer 4 Jahre	4984	2652	496	51
1997	Ehedauer 5 Jahre	5178	3250	781	99
1997	Ehedauer 6 Jahre	4704	3495	1165	148
1997	Ehedauer 7 Jahre	4406	3898	1650	235
1997	Ehedauer 8 Jahre	3498	3905	1930	346
1997	Ehedauer 9 Jahre	2772	3257	2139	398
1997	Ehedauer 10 Jahre	2201	3044	2256	521
1997	Ehedauer 11 Jahre	1817	2410	2106	499
1997	Ehedauer 12 Jahre	1465	1996	1944	532
1997	Ehedauer 13 Jahre	1182	1780	1926	530
1997	Ehedauer 14 Jahre	1048	1474	1721	541
1997	Ehedauer 15 Jahre	901	1347	1573	543
1997	Ehedauer 16 Jahre	746	1212	1497	485
1997	Ehedauer 17 Jahre	677	1164	1476	514
1997	Ehedauer 18 Jahre	616	1081	1314	432
1997	Ehedauer 19 Jahre	753	1107	912	273
1997	Ehedauer 20 Jahre	945	1211	761	222
1997	Ehedauer 21 Jahre	1067	1076	541	126
1997	Ehedauer 22 Jahre	1114	981	395	108
1997	Ehedauer 23 Jahre	1205	785	261	65
1997	Ehedauer 24 Jahre	1205	672	198	41
1997	Ehedauer 25 Jahre	1264	513	148	38
1997	Ehedauer 26 Jahre und mehr	10621	1314	265	74
1998	Ehedauer unter 2 Jahren	1468	147	30	2
1998	Ehedauer 2 Jahre	4651	932	100	17
1998	Ehedauer 3 Jahre	6159	2098	307	26
1998	Ehedauer 4 Jahre	6998	3216	568	81
1998	Ehedauer 5 Jahre	7218	3857	1009	126
1998	Ehedauer 6 Jahre	6796	4266	1460	182
1998	Ehedauer 7 Jahre	5488	3944	1870	267
1998	Ehedauer 8 Jahre	5290	4389	2376	418
1998	Ehedauer 9 Jahre	4388	4019	2609	483
1998	Ehedauer 10 Jahre	3657	3666	2746	545
1998	Ehedauer 11 Jahre	2820	3152	2783	655
1998	Ehedauer 12 Jahre	2370	2569	2509	687
1998	Ehedauer 13 Jahre	1889	2191	2313	719
1998	Ehedauer 14 Jahre	1756	1879	2281	703
1998	Ehedauer 15 Jahre	1510	1717	2140	684
1998	Ehedauer 16 Jahre	1310	1511	1948	696
1998	Ehedauer 17 Jahre	1083	1445	1818	726
1998	Ehedauer 18 Jahre	1132	1395	1734	647
1998	Ehedauer 19 Jahre	1257	1475	1336	437
1998	Ehedauer 20 Jahre	1334	1338	1007	260
1998	Ehedauer 21 Jahre	1420	1410	695	198
1998	Ehedauer 22 Jahre	1621	1151	527	145
1998	Ehedauer 23 Jahre	1684	1064	408	119
1998	Ehedauer 24 Jahre	1685	856	265	55
1998	Ehedauer 25 Jahre	1695	691	197	54
1998	Ehedauer 26 Jahre und mehr	14931	1907	443	110
1999	Ehedauer unter 2 Jahren	1385	202	27	1
1999	Ehedauer 2 Jahre	4583	975	111	15
1999	Ehedauer 3 Jahre	5924	1977	302	22
1999	Ehedauer 4 Jahre	6832	2974	542	57
1999	Ehedauer 5 Jahre	7483	3498	895	113
1999	Ehedauer 6 Jahre	6862	3761	1220	152
1999	Ehedauer 7 Jahre	6092	3710	1610	233
1999	Ehedauer 8 Jahre	4839	3429	1819	315
1999	Ehedauer 9 Jahre	4728	3731	2243	437
1999	Ehedauer 10 Jahre	4393	3631	2364	510
1999	Ehedauer 11 Jahre	3410	3090	2433	623
1999	Ehedauer 12 Jahre	2880	2605	2349	597
1999	Ehedauer 13 Jahre	2417	2262	2258	685
1999	Ehedauer 14 Jahre	2157	1872	2149	647
1999	Ehedauer 15 Jahre	1858	1707	2027	668
1999	Ehedauer 16 Jahre	1625	1486	1802	700
1999	Ehedauer 17 Jahre	1435	1317	1756	619
1999	Ehedauer 18 Jahre	1410	1253	1534	587
1999	Ehedauer 19 Jahre	1521	1407	1230	480
1999	Ehedauer 20 Jahre	1593	1320	909	285
1999	Ehedauer 21 Jahre	1562	1209	654	190
1999	Ehedauer 22 Jahre	1761	1104	521	139
1999	Ehedauer 23 Jahre	1789	926	362	107
1999	Ehedauer 24 Jahre	1793	793	307	72
1999	Ehedauer 25 Jahre	1780	588	200	44
1999	Ehedauer 26 Jahre und mehr	15230	1955	430	115
2000	Ehedauer unter 2 Jahren	1402	165	16	6
2000	Ehedauer 2 Jahre	4548	875	110	13
2000	Ehedauer 3 Jahre	6356	1998	275	47
2000	Ehedauer 4 Jahre	6811	2842	583	72
2000	Ehedauer 5 Jahre	7527	3380	874	99
2000	Ehedauer 6 Jahre	7330	3709	1197	158
2000	Ehedauer 7 Jahre	6275	3466	1567	204
2000	Ehedauer 8 Jahre	5321	3336	1818	338
2000	Ehedauer 9 Jahre	4187	3066	2039	383
2000	Ehedauer 10 Jahre	4236	3467	2422	497
2000	Ehedauer 11 Jahre	3574	3122	2520	584
2000	Ehedauer 12 Jahre	3153	2790	2450	670
2000	Ehedauer 13 Jahre	2514	2460	2491	712
2000	Ehedauer 14 Jahre	2183	2084	2318	723
2000	Ehedauer 15 Jahre	1882	1821	2181	644
2000	Ehedauer 16 Jahre	1722	1599	2008	685
2000	Ehedauer 17 Jahre	1428	1406	1860	656
2000	Ehedauer 18 Jahre	1403	1270	1657	625
2000	Ehedauer 19 Jahre	1499	1442	1308	431
2000	Ehedauer 20 Jahre	1663	1394	1088	341
2000	Ehedauer 21 Jahre	1678	1263	799	258
2000	Ehedauer 22 Jahre	1665	1157	540	155
2000	Ehedauer 23 Jahre	1802	981	423	106
2000	Ehedauer 24 Jahre	1878	776	291	84
2000	Ehedauer 25 Jahre	1886	701	245	55
2000	Ehedauer 26 Jahre und mehr	15635	1893	603	158
2001	Ehedauer unter 2 Jahren	1363	162	19	8
2001	Ehedauer 2 Jahre	4795	911	112	20
2001	Ehedauer 3 Jahre	6306	1971	327	40
2001	Ehedauer 4 Jahre	7219	3012	598	74
2001	Ehedauer 5 Jahre	7698	3483	939	119
2001	Ehedauer 6 Jahre	7314	3645	1333	157
2001	Ehedauer 7 Jahre	6425	3625	1586	214
2001	Ehedauer 8 Jahre	5071	3289	1812	270
2001	Ehedauer 9 Jahre	4328	2972	2005	364
2001	Ehedauer 10 Jahre	3506	2772	2166	443
2001	Ehedauer 11 Jahre	3473	3036	2599	563
2001	Ehedauer 12 Jahre	2993	2819	2550	661
2001	Ehedauer 13 Jahre	2583	2646	2547	695
2001	Ehedauer 14 Jahre	2178	2317	2454	722
2001	Ehedauer 15 Jahre	1804	1936	2319	674
2001	Ehedauer 16 Jahre	1631	1636	2093	716
2001	Ehedauer 17 Jahre	1401	1579	2027	715
2001	Ehedauer 18 Jahre	1387	1382	1749	645
2001	Ehedauer 19 Jahre	1401	1442	1456	488
2001	Ehedauer 20 Jahre	1525	1462	1097	384
2001	Ehedauer 21 Jahre	1665	1406	892	293
2001	Ehedauer 22 Jahre	1637	1188	614	171
2001	Ehedauer 23 Jahre	1675	974	375	99
2001	Ehedauer 24 Jahre	1829	904	287	82
2001	Ehedauer 25 Jahre	1805	704	212	78
2001	Ehedauer 26 Jahre und mehr	15578	1949	613	195
2002	Ehedauer unter 2 Jahren	1258	136	26	4
2002	Ehedauer 2 Jahre	4666	874	119	20
2002	Ehedauer 3 Jahre	6865	2121	341	57
2002	Ehedauer 4 Jahre	7370	3029	679	75
2002	Ehedauer 5 Jahre	8439	3769	970	132
2002	Ehedauer 6 Jahre	7760	3843	1349	169
2002	Ehedauer 7 Jahre	6613	3647	1625	233
2002	Ehedauer 8 Jahre	5437	3548	1907	305
2002	Ehedauer 9 Jahre	4473	3156	2132	367
2002	Ehedauer 10 Jahre	3716	2950	2353	448
2002	Ehedauer 11 Jahre	3249	2544	2352	542
2002	Ehedauer 12 Jahre	3042	2849	2694	664
2002	Ehedauer 13 Jahre	2748	2696	2629	698
2002	Ehedauer 14 Jahre	2285	2394	2601	741
2002	Ehedauer 15 Jahre	1931	2204	2526	741
2002	Ehedauer 16 Jahre	1687	1932	2381	751
2002	Ehedauer 17 Jahre	1491	1677	2169	788
2002	Ehedauer 18 Jahre	1413	1529	1993	668
2002	Ehedauer 19 Jahre	1471	1532	1580	541
2002	Ehedauer 20 Jahre	1616	1485	1173	377
2002	Ehedauer 21 Jahre	1663	1402	905	278
2002	Ehedauer 22 Jahre	1772	1371	690	224
2002	Ehedauer 23 Jahre	1813	1059	530	141
2002	Ehedauer 24 Jahre	1745	886	358	81
2002	Ehedauer 25 Jahre	1843	670	288	78
2002	Ehedauer 26 Jahre und mehr	16018	2150	704	180
2003	Ehedauer unter 2 Jahren	1477	161	30	4
2003	Ehedauer 2 Jahre	4489	835	129	23
2003	Ehedauer 3 Jahre	6704	2161	353	68
2003	Ehedauer 4 Jahre	7973	3333	678	98
2003	Ehedauer 5 Jahre	8509	3752	1117	165
2003	Ehedauer 6 Jahre	8187	4036	1506	218
2003	Ehedauer 7 Jahre	6645	3722	1775	267
2003	Ehedauer 8 Jahre	5560	3693	2045	354
2003	Ehedauer 9 Jahre	4562	3197	2268	396
2003	Ehedauer 10 Jahre	3764	2909	2503	473
2003	Ehedauer 11 Jahre	3174	2721	2521	578
2003	Ehedauer 12 Jahre	2793	2622	2580	624
2003	Ehedauer 13 Jahre	2806	2747	2736	723
2003	Ehedauer 14 Jahre	2410	2582	2809	853
2003	Ehedauer 15 Jahre	2104	2410	2657	789
2003	Ehedauer 16 Jahre	1937	2145	2563	882
2003	Ehedauer 17 Jahre	1572	1868	2269	785
2003	Ehedauer 18 Jahre	1507	1653	2087	721
2003	Ehedauer 19 Jahre	1621	1758	1714	541
2003	Ehedauer 20 Jahre	1693	1681	1298	463
2003	Ehedauer 21 Jahre	1859	1546	992	285
2003	Ehedauer 22 Jahre	1932	1405	741	217
2003	Ehedauer 23 Jahre	2024	1257	562	183
2003	Ehedauer 24 Jahre	1955	920	393	110
2003	Ehedauer 25 Jahre	1948	828	290	80
2003	Ehedauer 26 Jahre und mehr	16882	2475	723	232
2004	Ehedauer unter 2 Jahren	1370	160	28	3
2004	Ehedauer 2 Jahre	4429	846	141	20
2004	Ehedauer 3 Jahre	6268	2001	358	63
2004	Ehedauer 4 Jahre	7933	3195	689	89
2004	Ehedauer 5 Jahre	8423	3772	1088	162
2004	Ehedauer 6 Jahre	7670	3941	1420	214
2004	Ehedauer 7 Jahre	6693	3793	1707	272
2004	Ehedauer 8 Jahre	5457	3401	2100	307
2004	Ehedauer 9 Jahre	4513	3226	2163	410
2004	Ehedauer 10 Jahre	3866	2869	2263	468
2004	Ehedauer 11 Jahre	3259	2605	2436	511
2004	Ehedauer 12 Jahre	2768	2431	2546	549
2004	Ehedauer 13 Jahre	2440	2342	2510	667
2004	Ehedauer 14 Jahre	2365	2508	2763	772
2004	Ehedauer 15 Jahre	2242	2391	2752	844
2004	Ehedauer 16 Jahre	1958	2326	2592	828
2004	Ehedauer 17 Jahre	1719	2096	2498	847
2004	Ehedauer 18 Jahre	1613	1808	2145	733
2004	Ehedauer 19 Jahre	1654	1724	1839	609
2004	Ehedauer 20 Jahre	1816	1796	1303	405
2004	Ehedauer 21 Jahre	1936	1632	1036	319
2004	Ehedauer 22 Jahre	1968	1439	769	219
2004	Ehedauer 23 Jahre	2123	1250	564	163
2004	Ehedauer 24 Jahre	2070	1069	462	134
2004	Ehedauer 25 Jahre	2005	816	321	87
2004	Ehedauer 26 Jahre und mehr	18027	2487	765	229
2005	Ehedauer unter 2 Jahren	1152	154	21	5
2005	Ehedauer 2 Jahre	4088	814	133	17
2005	Ehedauer 3 Jahre	6010	1909	346	50
2005	Ehedauer 4 Jahre	7044	2793	590	93
2005	Ehedauer 5 Jahre	8320	3450	985	122
2005	Ehedauer 6 Jahre	7284	3663	1303	203
2005	Ehedauer 7 Jahre	6226	3420	1597	247
2005	Ehedauer 8 Jahre	5291	3197	1846	308
2005	Ehedauer 9 Jahre	4219	2854	1989	351
2005	Ehedauer 10 Jahre	3600	2732	2202	424
2005	Ehedauer 11 Jahre	3081	2406	2248	458
2005	Ehedauer 12 Jahre	2637	2181	2283	537
2005	Ehedauer 13 Jahre	2428	2077	2349	622
2005	Ehedauer 14 Jahre	2056	1996	2327	628
2005	Ehedauer 15 Jahre	2099	2150	2553	761
2005	Ehedauer 16 Jahre	1890	2119	2460	744
2005	Ehedauer 17 Jahre	1750	2010	2409	767
2005	Ehedauer 18 Jahre	1588	1763	2225	724
2005	Ehedauer 19 Jahre	1700	1707	1622	555
2005	Ehedauer 20 Jahre	1900	1739	1273	399
2005	Ehedauer 21 Jahre	1941	1585	970	281
2005	Ehedauer 22 Jahre	2073	1442	737	232
2005	Ehedauer 23 Jahre	2096	1235	528	169
2005	Ehedauer 24 Jahre	2072	1011	432	133
2005	Ehedauer 25 Jahre	2171	760	279	83
2005	Ehedauer 26 Jahre und mehr	17727	2440	779	244
2006	Ehedauer unter 2 Jahren	1008	116	19	8
2006	Ehedauer 2 Jahre	3731	794	129	20
2006	Ehedauer 3 Jahre	5576	1705	337	60
2006	Ehedauer 4 Jahre	6825	2614	610	94
2006	Ehedauer 5 Jahre	7430	3220	917	139
2006	Ehedauer 6 Jahre	7348	3464	1285	200
2006	Ehedauer 7 Jahre	6003	3332	1531	253
2006	Ehedauer 8 Jahre	4742	3090	1811	286
2006	Ehedauer 9 Jahre	3989	2718	1781	341
2006	Ehedauer 10 Jahre	3232	2613	1999	434
2006	Ehedauer 11 Jahre	2785	2244	2065	424
2006	Ehedauer 12 Jahre	2410	2093	2103	450
2006	Ehedauer 13 Jahre	2160	1963	2152	538
2006	Ehedauer 14 Jahre	1902	1862	2228	555
2006	Ehedauer 15 Jahre	1705	1726	2200	670
2006	Ehedauer 16 Jahre	1791	2059	2312	691
2006	Ehedauer 17 Jahre	1698	1883	2290	721
2006	Ehedauer 18 Jahre	1647	1815	2071	701
2006	Ehedauer 19 Jahre	1721	1710	1758	526
2006	Ehedauer 20 Jahre	1775	1716	1291	420
2006	Ehedauer 21 Jahre	1903	1444	974	333
2006	Ehedauer 22 Jahre	1903	1319	714	234
2006	Ehedauer 23 Jahre	2023	1137	542	152
2006	Ehedauer 24 Jahre	2026	942	388	130
2006	Ehedauer 25 Jahre	2041	763	301	92
2006	Ehedauer 26 Jahre und mehr	17434	2408	807	283
2007	Ehedauer unter 2 Jahren	957	130	16	3
2007	Ehedauer 2 Jahre	3443	724	135	22
2007	Ehedauer 3 Jahre	5391	1761	379	44
2007	Ehedauer 4 Jahre	6525	2516	580	86
2007	Ehedauer 5 Jahre	7592	3038	881	145
2007	Ehedauer 6 Jahre	6718	3149	1094	184
2007	Ehedauer 7 Jahre	5949	3153	1559	232
2007	Ehedauer 8 Jahre	4900	3046	1753	329
2007	Ehedauer 9 Jahre	3775	2675	1839	322
2007	Ehedauer 10 Jahre	3201	2450	1996	404
2007	Ehedauer 11 Jahre	2668	2247	2077	433
2007	Ehedauer 12 Jahre	2362	2069	2104	489
2007	Ehedauer 13 Jahre	2080	1955	2057	549
2007	Ehedauer 14 Jahre	1828	1772	2090	507
2007	Ehedauer 15 Jahre	1651	1665	2159	632
2007	Ehedauer 16 Jahre	1468	1587	2083	688
2007	Ehedauer 17 Jahre	1591	1879	2220	682
2007	Ehedauer 18 Jahre	1673	1814	2115	689
2007	Ehedauer 19 Jahre	1772	1758	1678	545
2007	Ehedauer 20 Jahre	1882	1678	1320	443
2007	Ehedauer 21 Jahre	1891	1513	931	286
2007	Ehedauer 22 Jahre	1988	1409	752	217
2007	Ehedauer 23 Jahre	2068	1206	526	145
2007	Ehedauer 24 Jahre	2036	866	382	117
2007	Ehedauer 25 Jahre	2069	763	301	90
2007	Ehedauer 26 Jahre und mehr	17894	2475	801	291
2008	Ehedauer unter 2 Jahren	875	115	28	6
2008	Ehedauer 2 Jahre	3445	763	115	27
2008	Ehedauer 3 Jahre	5184	1801	347	64
2008	Ehedauer 4 Jahre	6288	2700	686	110
2008	Ehedauer 5 Jahre	7353	2990	868	164
2008	Ehedauer 6 Jahre	6719	3334	1211	231
2008	Ehedauer 7 Jahre	5657	3062	1412	273
2008	Ehedauer 8 Jahre	4796	3021	1747	290
2008	Ehedauer 9 Jahre	4185	2865	1952	378
2008	Ehedauer 10 Jahre	3416	2446	2081	412
2008	Ehedauer 11 Jahre	2829	2274	2039	491
2008	Ehedauer 12 Jahre	2351	2172	2124	464
2008	Ehedauer 13 Jahre	2116	2020	2228	557
2008	Ehedauer 14 Jahre	1820	1906	2187	576
2008	Ehedauer 15 Jahre	1747	1795	2237	613
2008	Ehedauer 16 Jahre	1527	1612	2160	679
2008	Ehedauer 17 Jahre	1434	1564	2132	721
2008	Ehedauer 18 Jahre	1483	1718	2214	721
2008	Ehedauer 19 Jahre	1819	1802	1839	590
2008	Ehedauer 20 Jahre	2010	1736	1421	487
2008	Ehedauer 21 Jahre	2111	1720	1010	331
2008	Ehedauer 22 Jahre	2235	1458	816	221
2008	Ehedauer 23 Jahre	2238	1219	516	163
2008	Ehedauer 24 Jahre	2243	986	396	126
2008	Ehedauer 25 Jahre	2191	818	312	77
2008	Ehedauer 26 Jahre und mehr	19355	2579	889	306
2009	Ehedauer unter 2 Jahren	815	106	24	7
2009	Ehedauer 2 Jahre	3304	802	148	25
2009	Ehedauer 3 Jahre	4925	1747	361	52
2009	Ehedauer 4 Jahre	5966	2590	620	111
2009	Ehedauer 5 Jahre	6397	3092	1039	179
2009	Ehedauer 6 Jahre	6247	3102	1155	205
2009	Ehedauer 7 Jahre	5543	3048	1461	293
2009	Ehedauer 8 Jahre	4368	2759	1624	312
2009	Ehedauer 9 Jahre	3984	2810	1813	397
2009	Ehedauer 10 Jahre	3319	2569	2050	428
2009	Ehedauer 11 Jahre	2719	2182	2074	485
2009	Ehedauer 12 Jahre	2265	2090	2052	524
2009	Ehedauer 13 Jahre	2007	1867	2137	531
2009	Ehedauer 14 Jahre	1794	1803	2084	564
2009	Ehedauer 15 Jahre	1675	1674	2085	548
2009	Ehedauer 16 Jahre	1465	1561	2019	657
2009	Ehedauer 17 Jahre	1331	1480	2002	689
2009	Ehedauer 18 Jahre	1315	1495	1972	655
2009	Ehedauer 19 Jahre	1693	1679	1798	615
2009	Ehedauer 20 Jahre	2066	1716	1400	475
2009	Ehedauer 21 Jahre	2201	1725	1054	307
2009	Ehedauer 22 Jahre	2327	1461	721	241
2009	Ehedauer 23 Jahre	2355	1180	558	168
2009	Ehedauer 24 Jahre	2308	948	403	131
2009	Ehedauer 25 Jahre	2296	754	275	89
2009	Ehedauer 26 Jahre und mehr	19658	2587	743	287
2010	Ehedauer unter 2 Jahren	1092	180	33	3
2010	Ehedauer 2 Jahre	4230	1148	226	37
2010	Ehedauer 3 Jahre	5835	2163	461	91
2010	Ehedauer 4 Jahre	5785	2595	624	108
2010	Ehedauer 5 Jahre	6174	2985	999	173
2010	Ehedauer 6 Jahre	5938	3119	1228	233
2010	Ehedauer 7 Jahre	5367	2867	1460	252
2010	Ehedauer 8 Jahre	4533	2846	1628	335
2010	Ehedauer 9 Jahre	3670	2584	1781	388
2010	Ehedauer 10 Jahre	3273	2451	1985	429
2010	Ehedauer 11 Jahre	2818	2402	2089	467
2010	Ehedauer 12 Jahre	2325	2071	2011	498
2010	Ehedauer 13 Jahre	2020	1946	2061	548
2010	Ehedauer 14 Jahre	1797	1778	2111	566
2010	Ehedauer 15 Jahre	1581	1795	2017	613
2010	Ehedauer 16 Jahre	1423	1625	1973	599
2010	Ehedauer 17 Jahre	1276	1457	1921	636
2010	Ehedauer 18 Jahre	1304	1474	1967	668
2010	Ehedauer 19 Jahre	1490	1435	1659	497
2010	Ehedauer 20 Jahre	1854	1742	1462	491
2010	Ehedauer 21 Jahre	2049	1671	1069	325
2010	Ehedauer 22 Jahre	2364	1465	780	230
2010	Ehedauer 23 Jahre	2418	1172	604	169
2010	Ehedauer 24 Jahre	2457	943	362	127
2010	Ehedauer 25 Jahre	2337	784	284	91
2010	Ehedauer 26 Jahre und mehr	20162	2391	744	253
2011	Ehedauer unter 2 Jahren	1084	185	39	5
2011	Ehedauer 2 Jahre	4208	1220	254	44
2011	Ehedauer 3 Jahre	5214	2033	484	77
2011	Ehedauer 4 Jahre	4872	2269	591	102
2011	Ehedauer 5 Jahre	5785	3008	983	160
2011	Ehedauer 6 Jahre	5589	3152	1282	220
2011	Ehedauer 7 Jahre	5131	3091	1577	273
2011	Ehedauer 8 Jahre	4518	2717	1645	364
2011	Ehedauer 9 Jahre	3829	2611	1868	433
2011	Ehedauer 10 Jahre	3193	2433	1917	430
2011	Ehedauer 11 Jahre	2926	2349	2128	494
2011	Ehedauer 12 Jahre	2515	2090	2118	488
2011	Ehedauer 13 Jahre	2104	1939	2064	549
2011	Ehedauer 14 Jahre	1726	1821	2198	591
2011	Ehedauer 15 Jahre	1591	1646	2113	615
2011	Ehedauer 16 Jahre	1437	1580	2119	613
2011	Ehedauer 17 Jahre	1399	1589	1972	639
2011	Ehedauer 18 Jahre	1271	1439	2014	643
2011	Ehedauer 19 Jahre	1447	1478	1795	559
2011	Ehedauer 20 Jahre	1547	1570	1453	434
2011	Ehedauer 21 Jahre	2108	1735	1150	343
2011	Ehedauer 22 Jahre	2379	1608	818	266
2011	Ehedauer 23 Jahre	2568	1328	628	201
2011	Ehedauer 24 Jahre	2543	1046	405	134
2011	Ehedauer 25 Jahre	2469	838	294	81
2011	Ehedauer 26 Jahre und mehr	21295	2419	779	252
2012	Ehedauer unter 2 Jahren	963	160	44	10
2012	Ehedauer 2 Jahre	4283	1153	301	57
2012	Ehedauer 3 Jahre	4920	1874	465	107
2012	Ehedauer 4 Jahre	4325	2063	583	109
2012	Ehedauer 5 Jahre	5093	2811	905	170
2012	Ehedauer 6 Jahre	5261	2943	1247	235
2012	Ehedauer 7 Jahre	4596	2930	1559	281
2012	Ehedauer 8 Jahre	4249	2754	1758	360
2012	Ehedauer 9 Jahre	3666	2504	1729	391
2012	Ehedauer 10 Jahre	3053	2292	1965	478
2012	Ehedauer 11 Jahre	2546	2076	1888	450
2012	Ehedauer 12 Jahre	2341	1993	2101	529
2012	Ehedauer 13 Jahre	2077	1943	2072	580
2012	Ehedauer 14 Jahre	1739	1703	1972	554
2012	Ehedauer 15 Jahre	1529	1640	2044	588
2012	Ehedauer 16 Jahre	1354	1595	1958	602
2012	Ehedauer 17 Jahre	1288	1453	2001	642
2012	Ehedauer 18 Jahre	1239	1379	1835	612
2012	Ehedauer 19 Jahre	1405	1376	1575	494
2012	Ehedauer 20 Jahre	1515	1583	1277	437
2012	Ehedauer 21 Jahre	1691	1461	1009	333
2012	Ehedauer 22 Jahre	2166	1523	806	293
2012	Ehedauer 23 Jahre	2463	1270	588	183
2012	Ehedauer 24 Jahre	2670	1051	443	121
2012	Ehedauer 25 Jahre	2563	819	327	106
2012	Ehedauer 26 Jahre und mehr	21289	2382	709	249
2013	Ehedauer unter 2 Jahren	1010	169	33	6
2013	Ehedauer 2 Jahre	4172	1140	273	48
2013	Ehedauer 3 Jahre	4832	1919	489	73
2013	Ehedauer 4 Jahre	4042	2016	552	87
2013	Ehedauer 5 Jahre	4805	2617	983	172
2013	Ehedauer 6 Jahre	4575	2828	1216	232
2013	Ehedauer 7 Jahre	4027	2731	1459	265
2013	Ehedauer 8 Jahre	3614	2543	1584	311
2013	Ehedauer 9 Jahre	3282	2383	1881	393
2013	Ehedauer 10 Jahre	2889	2136	1834	387
2013	Ehedauer 11 Jahre	2408	2020	1874	481
2013	Ehedauer 12 Jahre	2114	1794	1886	527
2013	Ehedauer 13 Jahre	1908	1744	1958	548
2013	Ehedauer 14 Jahre	1713	1733	1941	567
2013	Ehedauer 15 Jahre	1490	1537	1859	569
2013	Ehedauer 16 Jahre	1300	1550	1836	614
2013	Ehedauer 17 Jahre	1166	1369	1908	595
2013	Ehedauer 18 Jahre	1172	1271	1810	562
2013	Ehedauer 19 Jahre	1292	1381	1524	431
2013	Ehedauer 20 Jahre	1463	1484	1165	359
2013	Ehedauer 21 Jahre	1601	1540	975	290
2013	Ehedauer 22 Jahre	1863	1328	763	204
2013	Ehedauer 23 Jahre	2301	1249	592	182
2013	Ehedauer 24 Jahre	2436	1032	401	122
2013	Ehedauer 25 Jahre	2520	821	303	108
2013	Ehedauer 26 Jahre und mehr	20994	2302	746	229
2014	Ehedauer unter 2 Jahren	937	147	24	4
2014	Ehedauer 2 Jahre	4218	1140	232	50
2014	Ehedauer 3 Jahre	4767	1831	437	83
2014	Ehedauer 4 Jahre	3878	1962	533	89
2014	Ehedauer 5 Jahre	4685	2708	934	147
2014	Ehedauer 6 Jahre	4527	2833	1275	224
2014	Ehedauer 7 Jahre	3889	2806	1480	265
2014	Ehedauer 8 Jahre	3555	2531	1661	336
2014	Ehedauer 9 Jahre	3121	2319	1795	369
2014	Ehedauer 10 Jahre	2798	2117	1802	434
2014	Ehedauer 11 Jahre	2414	2025	1845	467
2014	Ehedauer 12 Jahre	2060	1838	1839	508
2014	Ehedauer 13 Jahre	1715	1645	1826	530
2014	Ehedauer 14 Jahre	1660	1709	1940	524
2014	Ehedauer 15 Jahre	1551	1510	1925	568
2014	Ehedauer 16 Jahre	1287	1482	1816	566
2014	Ehedauer 17 Jahre	1160	1454	1798	580
2014	Ehedauer 18 Jahre	1118	1345	1779	536
2014	Ehedauer 19 Jahre	1293	1332	1465	468
2014	Ehedauer 20 Jahre	1415	1523	1219	371
2014	Ehedauer 21 Jahre	1546	1381	911	279
2014	Ehedauer 22 Jahre	1721	1385	708	236
2014	Ehedauer 23 Jahre	1913	1161	503	201
2014	Ehedauer 24 Jahre	2308	1066	456	142
2014	Ehedauer 25 Jahre	2328	844	307	107
2014	Ehedauer 26 Jahre und mehr	20293	2365	724	265
2015	Ehedauer unter 2 Jahren	854	145	32	8
2015	Ehedauer 2 Jahre	3805	1054	231	50
2015	Ehedauer 3 Jahre	4820	1797	483	84
2015	Ehedauer 4 Jahre	3788	1911	534	91
2015	Ehedauer 5 Jahre	4558	2652	938	173
2015	Ehedauer 6 Jahre	4400	2739	1244	209
2015	Ehedauer 7 Jahre	3814	2641	1503	275
2015	Ehedauer 8 Jahre	3279	2385	1719	315
2015	Ehedauer 9 Jahre	2863	2277	1734	335
2015	Ehedauer 10 Jahre	2596	2084	1864	402
2015	Ehedauer 11 Jahre	2442	1944	1947	490
2015	Ehedauer 12 Jahre	1991	1751	1883	479
2015	Ehedauer 13 Jahre	1796	1693	1855	586
2015	Ehedauer 14 Jahre	1569	1527	1666	544
2015	Ehedauer 15 Jahre	1460	1483	1900	555
2015	Ehedauer 16 Jahre	1281	1517	1810	577
2015	Ehedauer 17 Jahre	1195	1408	1687	572
2015	Ehedauer 18 Jahre	1126	1313	1663	578
2015	Ehedauer 19 Jahre	1239	1378	1426	453
2015	Ehedauer 20 Jahre	1450	1417	1120	315
2015	Ehedauer 21 Jahre	1554	1417	880	257
2015	Ehedauer 22 Jahre	1797	1254	675	215
2015	Ehedauer 23 Jahre	1851	1124	480	151
2015	Ehedauer 24 Jahre	1989	935	385	109
2015	Ehedauer 25 Jahre	2449	880	316	85
2015	Ehedauer 26 Jahre und mehr	21350	2466	691	253
2016	Ehedauer unter 2 Jahren	868	141	27	9
2016	Ehedauer 2 Jahre	3827	1046	256	46
2016	Ehedauer 3 Jahre	4368	1689	398	51
2016	Ehedauer 4 Jahre	3767	1907	557	97
2016	Ehedauer 5 Jahre	4383	2596	954	150
2016	Ehedauer 6 Jahre	4365	2774	1290	219
2016	Ehedauer 7 Jahre	3750	2715	1521	265
2016	Ehedauer 8 Jahre	3227	2419	1726	341
2016	Ehedauer 9 Jahre	2759	2340	1778	375
2016	Ehedauer 10 Jahre	2454	2056	1878	420
2016	Ehedauer 11 Jahre	2288	1989	1942	478
2016	Ehedauer 12 Jahre	2073	1836	1915	533
2016	Ehedauer 13 Jahre	1689	1646	1827	521
2016	Ehedauer 14 Jahre	1523	1515	1879	542
2016	Ehedauer 15 Jahre	1401	1428	1676	585
2016	Ehedauer 16 Jahre	1364	1427	1821	571
2016	Ehedauer 17 Jahre	1222	1496	1765	582
2016	Ehedauer 18 Jahre	1171	1386	1618	505
2016	Ehedauer 19 Jahre	1312	1331	1372	473
2016	Ehedauer 20 Jahre	1451	1398	1121	341
2016	Ehedauer 21 Jahre	1579	1325	828	277
2016	Ehedauer 22 Jahre	1827	1229	636	214
2016	Ehedauer 23 Jahre	1956	1100	504	178
2016	Ehedauer 24 Jahre	2056	919	397	128
2016	Ehedauer 25 Jahre	2034	729	271	86
2016	Ehedauer 26 Jahre und mehr	21747	2511	748	296
2017	Ehedauer unter 2 Jahren	819	134	29	3
2017	Ehedauer 2 Jahre	3862	1014	203	53
2017	Ehedauer 3 Jahre	4381	1691	418	65
2017	Ehedauer 4 Jahre	3472	1698	488	61
2017	Ehedauer 5 Jahre	4321	2439	880	149
2017	Ehedauer 6 Jahre	3957	2538	1165	216
2017	Ehedauer 7 Jahre	3484	2517	1436	261
2017	Ehedauer 8 Jahre	3070	2382	1576	324
2017	Ehedauer 9 Jahre	2663	2096	1716	402
2017	Ehedauer 10 Jahre	2237	1960	1768	408
2017	Ehedauer 11 Jahre	1972	1749	1883	429
2017	Ehedauer 12 Jahre	1924	1621	1834	471
2017	Ehedauer 13 Jahre	1662	1584	1854	474
2017	Ehedauer 14 Jahre	1433	1493	1718	523
2017	Ehedauer 15 Jahre	1326	1404	1663	545
2017	Ehedauer 16 Jahre	1151	1348	1584	513
2017	Ehedauer 17 Jahre	1219	1376	1644	490
2017	Ehedauer 18 Jahre	1215	1308	1540	532
2017	Ehedauer 19 Jahre	1276	1278	1287	395
2017	Ehedauer 20 Jahre	1453	1374	1001	293
2017	Ehedauer 21 Jahre	1507	1370	828	259
2017	Ehedauer 22 Jahre	1748	1147	581	193
2017	Ehedauer 23 Jahre	1876	1041	482	152
2017	Ehedauer 24 Jahre	2021	792	299	113
2017	Ehedauer 25 Jahre	2029	721	265	78
2017	Ehedauer 26 Jahre und mehr	20554	2311	703	236
2018	Ehedauer unter 2 Jahren	810	102	24	4
2018	Ehedauer 2 Jahre	3801	953	217	49
2018	Ehedauer 3 Jahre	4425	1713	426	76
2018	Ehedauer 4 Jahre	3490	1663	487	89
2018	Ehedauer 5 Jahre	3933	2298	885	141
2018	Ehedauer 6 Jahre	3836	2544	1177	223
2018	Ehedauer 7 Jahre	3375	2388	1435	293
2018	Ehedauer 8 Jahre	2958	2310	1564	330
2018	Ehedauer 9 Jahre	2488	2008	1742	383
2018	Ehedauer 10 Jahre	2193	1896	1883	417
2018	Ehedauer 11 Jahre	1875	1714	1911	431
2018	Ehedauer 12 Jahre	1670	1587	1788	503
2018	Ehedauer 13 Jahre	1568	1516	1697	540
2018	Ehedauer 14 Jahre	1525	1416	1721	576
2018	Ehedauer 15 Jahre	1262	1318	1628	595
2018	Ehedauer 16 Jahre	1153	1358	1618	556
2018	Ehedauer 17 Jahre	1058	1229	1420	551
2018	Ehedauer 18 Jahre	1095	1212	1369	501
2018	Ehedauer 19 Jahre	1261	1204	1241	430
2018	Ehedauer 20 Jahre	1353	1241	949	321
2018	Ehedauer 21 Jahre	1507	1203	726	230
2018	Ehedauer 22 Jahre	1602	1108	566	185
2018	Ehedauer 23 Jahre	1767	950	428	120
2018	Ehedauer 24 Jahre	1948	784	313	95
2018	Ehedauer 25 Jahre	1886	642	235	90
2018	Ehedauer 26 Jahre und mehr	19704	2120	653	214
2019	Ehedauer unter 2 Jahren	871	118	22	6
2019	Ehedauer 2 Jahre	3938	952	233	40
2019	Ehedauer 3 Jahre	4652	1700	445	86
2019	Ehedauer 4 Jahre	3494	1545	544	91
2019	Ehedauer 5 Jahre	4073	2363	896	159
2019	Ehedauer 6 Jahre	3894	2448	1213	210
2019	Ehedauer 7 Jahre	3389	2562	1435	283
2019	Ehedauer 8 Jahre	2822	2292	1620	335
2019	Ehedauer 9 Jahre	2458	2107	1844	362
2019	Ehedauer 10 Jahre	2128	1880	1883	442
2019	Ehedauer 11 Jahre	1853	1764	1864	454
2019	Ehedauer 12 Jahre	1758	1504	1787	504
2019	Ehedauer 13 Jahre	1523	1465	1858	515
2019	Ehedauer 14 Jahre	1301	1357	1776	506
2019	Ehedauer 15 Jahre	1389	1366	1686	549
2019	Ehedauer 16 Jahre	1276	1220	1633	544
2019	Ehedauer 17 Jahre	1139	1148	1474	544
2019	Ehedauer 18 Jahre	1036	1085	1352	537
2019	Ehedauer 19 Jahre	1297	1288	1175	432
2019	Ehedauer 20 Jahre	1451	1294	938	317
2019	Ehedauer 21 Jahre	1482	1270	669	264
2019	Ehedauer 22 Jahre	1678	1050	520	198
2019	Ehedauer 23 Jahre	1830	966	433	136
2019	Ehedauer 24 Jahre	1824	721	296	94
2019	Ehedauer 25 Jahre	1930	663	216	70
2019	Ehedauer 26 Jahre und mehr	19863	2122	666	255
2020	Ehedauer unter 2 Jahren	751	105	36	7
2020	Ehedauer 2 Jahre	3969	988	224	52
2020	Ehedauer 3 Jahre	4679	1646	448	70
2020	Ehedauer 4 Jahre	3512	1573	489	92
2020	Ehedauer 5 Jahre	4090	2219	988	149
2020	Ehedauer 6 Jahre	3739	2284	1206	229
2020	Ehedauer 7 Jahre	3150	2370	1407	265
2020	Ehedauer 8 Jahre	2837	2125	1634	354
2020	Ehedauer 9 Jahre	2326	1951	1777	382
2020	Ehedauer 10 Jahre	2050	1800	1890	450
2020	Ehedauer 11 Jahre	1824	1648	1868	476
2020	Ehedauer 12 Jahre	1602	1532	1855	496
2020	Ehedauer 13 Jahre	1477	1378	1680	500
2020	Ehedauer 14 Jahre	1313	1247	1700	529
2020	Ehedauer 15 Jahre	1250	1282	1707	505
2020	Ehedauer 16 Jahre	1168	1198	1580	561
2020	Ehedauer 17 Jahre	1007	1170	1466	500
2020	Ehedauer 18 Jahre	1007	1117	1336	480
2020	Ehedauer 19 Jahre	1140	1124	1101	425
2020	Ehedauer 20 Jahre	1324	1192	966	333
2020	Ehedauer 21 Jahre	1523	1246	739	254
2020	Ehedauer 22 Jahre	1583	983	495	175
2020	Ehedauer 23 Jahre	1734	871	369	125
2020	Ehedauer 24 Jahre	1850	707	282	126
2020	Ehedauer 25 Jahre	1799	568	172	67
2020	Ehedauer 26 Jahre und mehr	18959	1910	652	235
2021	Ehedauer unter 2 Jahren	642	84	17	4
2021	Ehedauer 2 Jahre	3610	845	197	44
2021	Ehedauer 3 Jahre	4839	1654	425	79
2021	Ehedauer 4 Jahre	3506	1594	503	87
2021	Ehedauer 5 Jahre	4203	2368	890	157
2021	Ehedauer 6 Jahre	3963	2501	1264	211
2021	Ehedauer 7 Jahre	3202	2368	1454	262
2021	Ehedauer 8 Jahre	2812	2181	1761	310
2021	Ehedauer 9 Jahre	2410	2081	2010	380
2021	Ehedauer 10 Jahre	2131	1811	1865	450
2021	Ehedauer 11 Jahre	1710	1698	1981	466
2021	Ehedauer 12 Jahre	1542	1521	1905	533
2021	Ehedauer 13 Jahre	1339	1353	1897	550
2021	Ehedauer 14 Jahre	1270	1355	1780	551
2021	Ehedauer 15 Jahre	1111	1227	1695	555
2021	Ehedauer 16 Jahre	1105	1199	1652	565
2021	Ehedauer 17 Jahre	1012	1209	1505	544
2021	Ehedauer 18 Jahre	997	1100	1427	542
2021	Ehedauer 19 Jahre	1097	1111	1180	457
2021	Ehedauer 20 Jahre	1198	1057	843	343
2021	Ehedauer 21 Jahre	1396	1114	738	274
2021	Ehedauer 22 Jahre	1547	1024	560	173
2021	Ehedauer 23 Jahre	1584	819	375	132
2021	Ehedauer 24 Jahre	1648	672	306	117
2021	Ehedauer 25 Jahre	1747	547	218	81
2021	Ehedauer 26 Jahre und mehr	17663	1837	592	230
2022	Ehedauer unter 2 Jahren	506	64	21	5
2022	Ehedauer 2 Jahre	2569	646	141	30
2022	Ehedauer 3 Jahre	3823	1316	412	62
2022	Ehedauer 4 Jahre	3351	1356	456	79
2022	Ehedauer 5 Jahre	4149	2165	854	144
2022	Ehedauer 6 Jahre	3847	2326	1148	221
2022	Ehedauer 7 Jahre	3285	2278	1471	285
2022	Ehedauer 8 Jahre	2707	2112	1721	326
2022	Ehedauer 9 Jahre	2242	1917	1717	370
2022	Ehedauer 10 Jahre	2085	1808	1941	435
2022	Ehedauer 11 Jahre	1708	1647	1831	464
2022	Ehedauer 12 Jahre	1545	1533	1788	522
2022	Ehedauer 13 Jahre	1308	1425	1760	553
2022	Ehedauer 14 Jahre	1206	1250	1713	551
2022	Ehedauer 15 Jahre	1139	1165	1628	519
2022	Ehedauer 16 Jahre	1070	1080	1515	542
2022	Ehedauer 17 Jahre	976	1040	1450	503
2022	Ehedauer 18 Jahre	1088	1020	1355	471
2022	Ehedauer 19 Jahre	1104	1091	1095	409
2022	Ehedauer 20 Jahre	1235	1071	889	324
2022	Ehedauer 21 Jahre	1272	987	690	240
2022	Ehedauer 22 Jahre	1522	976	551	167
2022	Ehedauer 23 Jahre	1668	866	379	128
2022	Ehedauer 24 Jahre	1621	616	303	98
2022	Ehedauer 25 Jahre	1725	549	227	81
2022	Ehedauer 26 Jahre und mehr	18976	1875	614	248
__________					
"2009:
Im Zusammenhang mit der vollst�ndigen Neufassung der
Anordnung �ber die Erhebung von statistischen Daten in
Familiensachen zum 01. September 2009 im Zuge des
FGG-Reformgesetzes und der Umstellung des Gesch�ftsstellen-
automationssystems bei den meldenden Berichtsstellen ist in
der Ehel�sungsstatistik f�r das Jahr 2009 in Bayern von
einer Untererfassung von sch�tzungsweise 1 900 F�llen
auszugehen."					
� Statistisches Bundesamt (Destatis), 2023					
Stand: 24.12.2023 / 14:35:27					
